ticket,ratio,g_log,omr,dpoc,lrr,wct,hskd,ht,wod
AAA,g_log,,,,0.4988,,,,
AAA,omr,,,,,,,,
AAA,dpoc,,0.4648,,,,,,
AAA,lrr,,,,,,0.5335,,
AAA,wct,,,,,,,,
AAA,hskd,,,,,,,0.5296,
AAA,ht,,,0.5436,,0.5237,,,0.5297
AAA,wod,,,,,,,,
ANV,g_log,,,,0.6145,,,,
ANV,omr,,,,,,,,
ANV,dpoc,,0.6348,,,,,,
ANV,lrr,,,,,,0.4933,,
ANV,wct,,,,,,,,
ANV,hskd,,,,,,,0.5612,
ANV,ht,,,0.6073,,0.5136,,,0.5207
ANV,wod,,,,,,,,
ASM,g_log,,,,0.4359,,,,
ASM,omr,,,,,,,,
ASM,dpoc,,0.5307,,,,,,
ASM,lrr,,,,,,0.4192,,
ASM,wct,,,,,,,,
ASM,hskd,,,,,,,0.5465,
ASM,ht,,,0.634,,0.5565,,,0.6405
ASM,wod,,,,,,,,
BMP,g_log,,,,0.4552,,,,
BMP,omr,,,,,,,,
BMP,dpoc,,0.5602,,,,,,
BMP,lrr,,,,,,0.4,,
BMP,wct,,,,,,,,
BMP,hskd,,,,,,,0.5975,
BMP,ht,,,0.628,,0.623,,,0.405
BMP,wod,,,,,,,,
CHP,g_log,,,,0.6777,,,,
CHP,omr,,,,,,,,
CHP,dpoc,,0.6948,,,,,,
CHP,lrr,,,,,,0.7413,,
CHP,wct,,,,,,,,
CHP,hskd,,,,,,,0.4068,
CHP,ht,,,0.7365,,0.4239,,,0.4275
CHP,wod,,,,,,,,
CII,g_log,,,,0.6332,,,,
CII,omr,,,,,,,,
CII,dpoc,,0.5108,,,,,,
CII,lrr,,,,,,0.623,,
CII,wct,,,,,,,,
CII,hskd,,,,,,,0.5496,
CII,ht,,,0.5093,,0.537,,,0.5791
CII,wod,,,,,,,,
CMG,g_log,,,,0.3781,,,,
CMG,omr,,,,,,,,
CMG,dpoc,,0.4356,,,,,,
CMG,lrr,,,,,,0.5779,,
CMG,wct,,,,,,,,
CMG,hskd,,,,,,,0.5616,
CMG,ht,,,0.4707,,0.4022,,,0.5089
CMG,wod,,,,,,,,
CTD,g_log,,,,0.3107,,,,
CTD,omr,,,,,,,,
CTD,dpoc,,0.5762,,,,,,
CTD,lrr,,,,,,0.5468,,
CTD,wct,,,,,,,,
CTD,hskd,,,,,,,0.5934,
CTD,ht,,,0.3825,,0.4733,,,0.6184
CTD,wod,,,,,,,,
DBC,g_log,,,,0.4107,,,,
DBC,omr,,,,,,,,
DBC,dpoc,,0.4277,,,,,,
DBC,lrr,,,,,,0.455,,
DBC,wct,,,,,,,,
DBC,hskd,,,,,,,0.4951,
DBC,ht,,,0.4201,,0.4171,,,0.5493
DBC,wod,,,,,,,,
DCL,g_log,,,,0.654,,,,
DCL,omr,,,,,,,,
DCL,dpoc,,0.4966,,,,,,
DCL,lrr,,,,,,0.3907,,
DCL,wct,,,,,,,,
DCL,hskd,,,,,,,0.5187,
DCL,ht,,,0.5234,,0.5383,,,0.4606
DCL,wod,,,,,,,,
DHC,g_log,,,,0.5452,,,,
DHC,omr,,,,,,,,
DHC,dpoc,,0.5543,,,,,,
DHC,lrr,,,,,,0.5584,,
DHC,wct,,,,,,,,
DHC,hskd,,,,,,,0.428,
DHC,ht,,,0.5488,,0.3127,,,0.5557
DHC,wod,,,,,,,,
DHG,g_log,,,,0.5535,,,,
DHG,omr,,,,,,,,
DHG,dpoc,,0.4808,,,,,,
DHG,lrr,,,,,,0.5447,,
DHG,wct,,,,,,,,
DHG,hskd,,,,,,,0.4455,
DHG,ht,,,0.6125,,0.3288,,,0.5257
DHG,wod,,,,,,,,
DHT,g_log,,,,0.4177,,,,
DHT,omr,,,,,,,,
DHT,dpoc,,0.6489,,,,,,
DHT,lrr,,,,,,0.5061,,
DHT,wct,,,,,,,,
DHT,hskd,,,,,,,0.6333,
DHT,ht,,,0.7533,,0.6544,,,0.3427
DHT,wod,,,,,,,,
DIG,g_log,,,,0.6607,,,,
DIG,omr,,,,,,,,
DIG,dpoc,,0.6457,,,,,,
DIG,lrr,,,,,,0.6614,,
DIG,wct,,,,,,,,
DIG,hskd,,,,,,,0.6313,
DIG,ht,,,0.452,,0.6614,,,0.236
DIG,wod,,,,,,,,
DNP,g_log,,,,0.4163,,,,
DNP,omr,,,,,,,,
DNP,dpoc,,0.4723,,,,,,
DNP,lrr,,,,,,0.5934,,
DNP,wct,,,,,,,,
DNP,hskd,,,,,,,0.57,
DNP,ht,,,0.4476,,0.4714,,,0.5526
DNP,wod,,,,,,,,
DPM,g_log,,,,0.3424,,,,
DPM,omr,,,,,,,,
DPM,dpoc,,0.5987,,,,,,
DPM,lrr,,,,,,0.443,,
DPM,wct,,,,,,,,
DPM,hskd,,,,,,,0.5488,
DPM,ht,,,0.6161,,0.5209,,,0.6475
DPM,wod,,,,,,,,
DPR,g_log,,,,0.436,,,,
DPR,omr,,,,,,,,
DPR,dpoc,,0.5406,,,,,,
DPR,lrr,,,,,,0.374,,
DPR,wct,,,,,,,,
DPR,hskd,,,,,,,0.6078,
DPR,ht,,,0.5117,,0.326,,,0.3488
DPR,wod,,,,,,,,
DVP,g_log,,,,0.6111,,,,
DVP,omr,,,,,,,,
DVP,dpoc,,0.3044,,,,,,
DVP,lrr,,,,,,0.3721,,
DVP,wct,,,,,,,,
DVP,hskd,,,,,,,0.6093,
DVP,ht,,,0.6937,,0.3423,,,0.582
DVP,wod,,,,,,,,
DXG,g_log,,,,0.5516,,,,
DXG,omr,,,,,,,,
DXG,dpoc,,0.6202,,,,,,
DXG,lrr,,,,,,0.5579,,
DXG,wct,,,,,,,,
DXG,hskd,,,,,,,0.3925,
DXG,ht,,,0.6243,,0.3885,,,0.6634
DXG,wod,,,,,,,,
ELC,g_log,,,,0.3438,,,,
ELC,omr,,,,,,,,
ELC,dpoc,,0.5276,,,,,,
ELC,lrr,,,,,,0.3655,,
ELC,wct,,,,,,,,
ELC,hskd,,,,,,,0.6017,
ELC,ht,,,0.5886,,0.5787,,,0.389
ELC,wod,,,,,,,,
FPT,g_log,,,,0.5904,,,,
FPT,omr,,,,,,,,
FPT,dpoc,,0.4675,,,,,,
FPT,lrr,,,,,,0.4624,,
FPT,wct,,,,,,,,
FPT,hskd,,,,,,,0.5727,
FPT,ht,,,0.5192,,0.5848,,,0.5099
FPT,wod,,,,,,,,
GAS,g_log,,,,0.4929,,,,
GAS,omr,,,,,,,,
GAS,dpoc,,0.5748,,,,,,
GAS,lrr,,,,,,0.3631,,
GAS,wct,,,,,,,,
GAS,hskd,,,,,,,0.6001,
GAS,ht,,,0.4952,,0.5233,,,0.5835
GAS,wod,,,,,,,,
GEX,g_log,,,,0.5109,,,,
GEX,omr,,,,,,,,
GEX,dpoc,,0.5188,,,,,,
GEX,lrr,,,,,,0.5939,,
GEX,wct,,,,,,,,
GEX,hskd,,,,,,,0.5115,
GEX,ht,,,0.5352,,0.6205,,,0.4996
GEX,wod,,,,,,,,
GMD,g_log,,,,0.4789,,,,
GMD,omr,,,,,,,,
GMD,dpoc,,0.5608,,,,,,
GMD,lrr,,,,,,0.5644,,
GMD,wct,,,,,,,,
GMD,hskd,,,,,,,0.6099,
GMD,ht,,,0.4225,,0.5505,,,0.4438
GMD,wod,,,,,,,,
HAG,g_log,,,,0.3773,,,,
HAG,omr,,,,,,,,
HAG,dpoc,,0.3171,,,,,,
HAG,lrr,,,,,,0.3924,,
HAG,wct,,,,,,,,
HAG,hskd,,,,,,,0.6545,
HAG,ht,,,0.2482,,0.6789,,,0.4801
HAG,wod,,,,,,,,
HDC,g_log,,,,0.4747,,,,
HDC,omr,,,,,,,,
HDC,dpoc,,0.3484,,,,,,
HDC,lrr,,,,,,0.5016,,
HDC,wct,,,,,,,,
HDC,hskd,,,,,,,0.6111,
HDC,ht,,,0.6271,,0.6211,,,0.301
HDC,wod,,,,,,,,
HDG,g_log,,,,0.5336,,,,
HDG,omr,,,,,,,,
HDG,dpoc,,0.3575,,,,,,
HDG,lrr,,,,,,0.5447,,
HDG,wct,,,,,,,,
HDG,hskd,,,,,,,0.5195,
HDG,ht,,,0.4348,,0.4803,,,0.4375
HDG,wod,,,,,,,,
HGM,g_log,,,,0.6286,,,,
HGM,omr,,,,,,,,
HGM,dpoc,,0.5361,,,,,,
HGM,lrr,,,,,,0.5499,,
HGM,wct,,,,,,,,
HGM,hskd,,,,,,,0.4649,
HGM,ht,,,0.5325,,0.5123,,,0.4985
HGM,wod,,,,,,,,
HHS,g_log,,,,0.5604,,,,
HHS,omr,,,,,,,,
HHS,dpoc,,0.4294,,,,,,
HHS,lrr,,,,,,0.6406,,
HHS,wct,,,,,,,,
HHS,hskd,,,,,,,0.5653,
HHS,ht,,,0.3802,,0.413,,,0.57
HHS,wod,,,,,,,,
HPG,g_log,,,,0.4782,,,,
HPG,omr,,,,,,,,
HPG,dpoc,,0.3571,,,,,,
HPG,lrr,,,,,,0.613,,
HPG,wct,,,,,,,,
HPG,hskd,,,,,,,0.4976,
HPG,ht,,,0.5992,,0.5735,,,0.5188
HPG,wod,,,,,,,,
HSG,g_log,,,,0.4041,,,,
HSG,omr,,,,,,,,
HSG,dpoc,,0.3893,,,,,,
HSG,lrr,,,,,,0.3424,,
HSG,wct,,,,,,,,
HSG,hskd,,,,,,,0.3421,
HSG,ht,,,0.3934,,0.3215,,,0.5772
HSG,wod,,,,,,,,
HT1,g_log,,,,0.4646,,,,
HT1,omr,,,,,,,,
HT1,dpoc,,0.3142,,,,,,
HT1,lrr,,,,,,0.3652,,
HT1,wct,,,,,,,,
HT1,hskd,,,,,,,0.3164,
HT1,ht,,,0.6208,,0.4462,,,0.6543
HT1,wod,,,,,,,,
HUT,g_log,,,,0.535,,,,
HUT,omr,,,,,,,,
HUT,dpoc,,0.6849,,,,,,
HUT,lrr,,,,,,0.2877,,
HUT,wct,,,,,,,,
HUT,hskd,,,,,,,0.5377,
HUT,ht,,,0.4086,,0.4149,,,0.3185
HUT,wod,,,,,,,,
IJC,g_log,,,,0.4474,,,,
IJC,omr,,,,,,,,
IJC,dpoc,,0.3633,,,,,,
IJC,lrr,,,,,,0.3657,,
IJC,wct,,,,,,,,
IJC,hskd,,,,,,,0.5012,
IJC,ht,,,0.5022,,0.5416,,,0.4763
IJC,wod,,,,,,,,
IMP,g_log,,,,0.4331,,,,
IMP,omr,,,,,,,,
IMP,dpoc,,0.5539,,,,,,
IMP,lrr,,,,,,0.5012,,
IMP,wct,,,,,,,,
IMP,hskd,,,,,,,0.506,
IMP,ht,,,0.5042,,0.5105,,,0.6066
IMP,wod,,,,,,,,
KBC,g_log,,,,0.3114,,,,
KBC,omr,,,,,,,,
KBC,dpoc,,0.3951,,,,,,
KBC,lrr,,,,,,0.3337,,
KBC,wct,,,,,,,,
KBC,hskd,,,,,,,0.5507,
KBC,ht,,,0.4462,,0.5337,,,0.6028
KBC,wod,,,,,,,,
KDC,g_log,,,,0.5002,,,,
KDC,omr,,,,,,,,
KDC,dpoc,,0.4092,,,,,,
KDC,lrr,,,,,,0.4866,,
KDC,wct,,,,,,,,
KDC,hskd,,,,,,,0.6092,
KDC,ht,,,0.3347,,0.4578,,,0.5476
KDC,wod,,,,,,,,
KDH,g_log,,,,0.5452,,,,
KDH,omr,,,,,,,,
KDH,dpoc,,0.4925,,,,,,
KDH,lrr,,,,,,0.4285,,
KDH,wct,,,,,,,,
KDH,hskd,,,,,,,0.4411,
KDH,ht,,,0.5129,,0.4539,,,0.5605
KDH,wod,,,,,,,,
LGC,g_log,,,,0.4276,,,,
LGC,omr,,,,,,,,
LGC,dpoc,,0.5391,,,,,,
LGC,lrr,,,,,,0.419,,
LGC,wct,,,,,,,,
LGC,hskd,,,,,,,0.5457,
LGC,ht,,,0.4675,,0.6392,,,0.5008
LGC,wod,,,,,,,,
MSN,g_log,,,,0.5015,,,,
MSN,omr,,,,,,,,
MSN,dpoc,,0.6047,,,,,,
MSN,lrr,,,,,,0.3388,,
MSN,wct,,,,,,,,
MSN,hskd,,,,,,,0.6395,
MSN,ht,,,0.6357,,0.5955,,,0.3717
MSN,wod,,,,,,,,
NKG,g_log,,,,0.486,,,,
NKG,omr,,,,,,,,
NKG,dpoc,,0.4659,,,,,,
NKG,lrr,,,,,,0.4134,,
NKG,wct,,,,,,,,
NKG,hskd,,,,,,,0.3603,
NKG,ht,,,0.3628,,0.154,,,0.1965
NKG,wod,,,,,,,,
NLG,g_log,,,,0.549,,,,
NLG,omr,,,,,,,,
NLG,dpoc,,0.5242,,,,,,
NLG,lrr,,,,,,0.5737,,
NLG,wct,,,,,,,,
NLG,hskd,,,,,,,0.4715,
NLG,ht,,,0.5565,,0.4795,,,0.3412
NLG,wod,,,,,,,,
NT2,g_log,,,,0.5594,,,,
NT2,omr,,,,,,,,
NT2,dpoc,,0.426,,,,,,
NT2,lrr,,,,,,0.5847,,
NT2,wct,,,,,,,,
NT2,hskd,,,,,,,0.3748,
NT2,ht,,,0.3005,,0.4178,,,0.5935
NT2,wod,,,,,,,,
NTP,g_log,,,,0.5272,,,,
NTP,omr,,,,,,,,
NTP,dpoc,,0.4888,,,,,,
NTP,lrr,,,,,,0.4993,,
NTP,wct,,,,,,,,
NTP,hskd,,,,,,,0.436,
NTP,ht,,,0.4661,,0.3216,,,0.5883
NTP,wod,,,,,,,,
PAN,g_log,,,,0.5892,,,,
PAN,omr,,,,,,,,
PAN,dpoc,,0.5478,,,,,,
PAN,lrr,,,,,,0.4755,,
PAN,wct,,,,,,,,
PAN,hskd,,,,,,,0.5534,
PAN,ht,,,0.5426,,0.588,,,0.6187
PAN,wod,,,,,,,,
PDN,g_log,,,,0.5788,,,,
PDN,omr,,,,,,,,
PDN,dpoc,,0.565,,,,,,
PDN,lrr,,,,,,0.5716,,
PDN,wct,,,,,,,,
PDN,hskd,,,,,,,0.3607,
PDN,ht,,,0.5944,,0.5337,,,0.6162
PDN,wod,,,,,,,,
PDR,g_log,,,,0.5172,,,,
PDR,omr,,,,,,,,
PDR,dpoc,,0.4887,,,,,,
PDR,lrr,,,,,,0.4672,,
PDR,wct,,,,,,,,
PDR,hskd,,,,,,,0.3313,
PDR,ht,,,0.4667,,0.3393,,,0.6491
PDR,wod,,,,,,,,
PET,g_log,,,,0.5299,,,,
PET,omr,,,,,,,,
PET,dpoc,,0.3443,,,,,,
PET,lrr,,,,,,0.4592,,
PET,wct,,,,,,,,
PET,hskd,,,,,,,0.5764,
PET,ht,,,0.4731,,0.5572,,,0.5798
PET,wod,,,,,,,,
PGS,g_log,,,,0.4811,,,,
PGS,omr,,,,,,,,
PGS,dpoc,,0.5985,,,,,,
PGS,lrr,,,,,,0.5076,,
PGS,wct,,,,,,,,
PGS,hskd,,,,,,,0.5712,
PGS,ht,,,0.5723,,0.4368,,,0.3819
PGS,wod,,,,,,,,
PHR,g_log,,,,0.6374,,,,
PHR,omr,,,,,,,,
PHR,dpoc,,0.4669,,,,,,
PHR,lrr,,,,,,0.6693,,
PHR,wct,,,,,,,,
PHR,hskd,,,,,,,0.6038,
PHR,ht,,,0.618,,0.4088,,,0.3385
PHR,wod,,,,,,,,
PNJ,g_log,,,,0.3884,,,,
PNJ,omr,,,,,,,,
PNJ,dpoc,,0.5365,,,,,,
PNJ,lrr,,,,,,0.5133,,
PNJ,wct,,,,,,,,
PNJ,hskd,,,,,,,0.4708,
PNJ,ht,,,0.5455,,0.4917,,,0.6348
PNJ,wod,,,,,,,,
PPC,g_log,,,,0.5857,,,,
PPC,omr,,,,,,,,
PPC,dpoc,,0.5249,,,,,,
PPC,lrr,,,,,,0.4752,,
PPC,wct,,,,,,,,
PPC,hskd,,,,,,,0.4052,
PPC,ht,,,0.5353,,0.3372,,,0.8418
PPC,wod,,,,,,,,
PTB,g_log,,,,0.4058,,,,
PTB,omr,,,,,,,,
PTB,dpoc,,0.4039,,,,,,
PTB,lrr,,,,,,0.5488,,
PTB,wct,,,,,,,,
PTB,hskd,,,,,,,0.5418,
PTB,ht,,,0.4593,,0.6543,,,0.545
PTB,wod,,,,,,,,
PVD,g_log,,,,0.467,,,,
PVD,omr,,,,,,,,
PVD,dpoc,,0.5659,,,,,,
PVD,lrr,,,,,,0.3231,,
PVD,wct,,,,,,,,
PVD,hskd,,,,,,,0.584,
PVD,ht,,,0.3814,,0.5238,,,0.3584
PVD,wod,,,,,,,,
PVS,g_log,,,,0.5132,,,,
PVS,omr,,,,,,,,
PVS,dpoc,,0.293,,,,,,
PVS,lrr,,,,,,0.5846,,
PVS,wct,,,,,,,,
PVS,hskd,,,,,,,0.5276,
PVS,ht,,,0.5704,,0.555,,,0.6336
PVS,wod,,,,,,,,
PVT,g_log,,,,0.383,,,,
PVT,omr,,,,,,,,
PVT,dpoc,,0.3821,,,,,,
PVT,lrr,,,,,,0.4011,,
PVT,wct,,,,,,,,
PVT,hskd,,,,,,,0.3048,
PVT,ht,,,0.3607,,0.4145,,,0.673
PVT,wod,,,,,,,,
QCG,g_log,,,,0.5471,,,,
QCG,omr,,,,,,,,
QCG,dpoc,,0.4686,,,,,,
QCG,lrr,,,,,,0.4011,,
QCG,wct,,,,,,,,
QCG,hskd,,,,,,,0.4972,
QCG,ht,,,0.468,,0.4934,,,0.5672
QCG,wod,,,,,,,,
REE,g_log,,,,0.5834,,,,
REE,omr,,,,,,,,
REE,dpoc,,0.3965,,,,,,
REE,lrr,,,,,,0.5437,,
REE,wct,,,,,,,,
REE,hskd,,,,,,,0.4852,
REE,ht,,,0.5691,,0.4378,,,0.5221
REE,wod,,,,,,,,
SAM,g_log,,,,0.5453,,,,
SAM,omr,,,,,,,,
SAM,dpoc,,0.5538,,,,,,
SAM,lrr,,,,,,0.5415,,
SAM,wct,,,,,,,,
SAM,hskd,,,,,,,0.5136,
SAM,ht,,,0.5124,,0.5032,,,0.3776
SAM,wod,,,,,,,,
SBT,g_log,,,,0.4794,,,,
SBT,omr,,,,,,,,
SBT,dpoc,,0.4669,,,,,,
SBT,lrr,,,,,,0.2962,,
SBT,wct,,,,,,,,
SBT,hskd,,,,,,,0.4707,
SBT,ht,,,0.5216,,0.4638,,,0.5314
SBT,wod,,,,,,,,
SCR,g_log,,,,0.3536,,,,
SCR,omr,,,,,,,,
SCR,dpoc,,0.5513,,,,,,
SCR,lrr,,,,,,0.3458,,
SCR,wct,,,,,,,,
SCR,hskd,,,,,,,0.3967,
SCR,ht,,,0.5374,,0.3823,,,0.5033
SCR,wod,,,,,,,,
SHP,g_log,,,,0.5217,,,,
SHP,omr,,,,,,,,
SHP,dpoc,,0.5146,,,,,,
SHP,lrr,,,,,,0.5163,,
SHP,wct,,,,,,,,
SHP,hskd,,,,,,,0.3081,
SHP,ht,,,0.5021,,0.3122,,,0.454
SHP,wod,,,,,,,,
SJS,g_log,,,,0.6677,,,,
SJS,omr,,,,,,,,
SJS,dpoc,,0.4723,,,,,,
SJS,lrr,,,,,,0.6542,,
SJS,wct,,,,,,,,
SJS,hskd,,,,,,,0.5385,
SJS,ht,,,0.5882,,0.5362,,,0.4709
SJS,wod,,,,,,,,
STG,g_log,,,,0.5782,,,,
STG,omr,,,,,,,,
STG,dpoc,,0.5317,,,,,,
STG,lrr,,,,,,0.5428,,
STG,wct,,,,,,,,
STG,hskd,,,,,,,0.5057,
STG,ht,,,0.5403,,0.5331,,,0.4853
STG,wod,,,,,,,,
TCM,g_log,,,,0.6017,,,,
TCM,omr,,,,,,,,
TCM,dpoc,,0.3324,,,,,,
TCM,lrr,,,,,,0.6102,,
TCM,wct,,,,,,,,
TCM,hskd,,,,,,,0.6645,
TCM,ht,,,0.3361,,0.5302,,,0.6346
TCM,wod,,,,,,,,
TLG,g_log,,,,0.5583,,,,
TLG,omr,,,,,,,,
TLG,dpoc,,0.3839,,,,,,
TLG,lrr,,,,,,0.5287,,
TLG,wct,,,,,,,,
TLG,hskd,,,,,,,0.568,
TLG,ht,,,0.4164,,0.4231,,,0.6376
TLG,wod,,,,,,,,
TMP,g_log,,,,0.5577,,,,
TMP,omr,,,,,,,,
TMP,dpoc,,0.4382,,,,,,
TMP,lrr,,,,,,0.4733,,
TMP,wct,,,,,,,,
TMP,hskd,,,,,,,0.5413,
TMP,ht,,,0.5304,,0.4391,,,0.4774
TMP,wod,,,,,,,,
TMS,g_log,,,,0.5004,,,,
TMS,omr,,,,,,,,
TMS,dpoc,,0.5078,,,,,,
TMS,lrr,,,,,,0.4602,,
TMS,wct,,,,,,,,
TMS,hskd,,,,,,,0.2021,
TMS,ht,,,0.6753,,0.5314,,,0.5806
TMS,wod,,,,,,,,
TRA,g_log,,,,0.3701,,,,
TRA,omr,,,,,,,,
TRA,dpoc,,0.4438,,,,,,
TRA,lrr,,,,,,0.5055,,
TRA,wct,,,,,,,,
TRA,hskd,,,,,,,0.5421,
TRA,ht,,,0.5439,,0.5208,,,0.5658
TRA,wod,,,,,,,,
TVN,g_log,,,,0.6147,,,,
TVN,omr,,,,,,,,
TVN,dpoc,,0.5232,,,,,,
TVN,lrr,,,,,,0.6206,,
TVN,wct,,,,,,,,
TVN,hskd,,,,,,,0.5285,
TVN,ht,,,0.4833,,0.478,,,0.4923
TVN,wod,,,,,,,,
VC3,g_log,,,,0.3911,,,,
VC3,omr,,,,,,,,
VC3,dpoc,,0.4472,,,,,,
VC3,lrr,,,,,,0.6028,,
VC3,wct,,,,,,,,
VC3,hskd,,,,,,,0.5874,
VC3,ht,,,0.3537,,0.2409,,,0.3655
VC3,wod,,,,,,,,
VCF,g_log,,,,0.4579,,,,
VCF,omr,,,,,,,,
VCF,dpoc,,0.4341,,,,,,
VCF,lrr,,,,,,0.2621,,
VCF,wct,,,,,,,,
VCF,hskd,,,,,,,0.4393,
VCF,ht,,,0.5102,,0.5432,,,0.4544
VCF,wod,,,,,,,,
VCG,g_log,,,,0.2107,,,,
VCG,omr,,,,,,,,
VCG,dpoc,,0.6098,,,,,,
VCG,lrr,,,,,,0.227,,
VCG,wct,,,,,,,,
VCG,hskd,,,,,,,0.5421,
VCG,ht,,,0.4897,,0.5237,,,0.3878
VCG,wod,,,,,,,,
VCS,g_log,,,,0.4448,,,,
VCS,omr,,,,,,,,
VCS,dpoc,,0.4086,,,,,,
VCS,lrr,,,,,,0.4609,,
VCS,wct,,,,,,,,
VCS,hskd,,,,,,,0.3877,
VCS,ht,,,0.4575,,0.4485,,,0.5327
VCS,wod,,,,,,,,
VHC,g_log,,,,0.547,,,,
VHC,omr,,,,,,,,
VHC,dpoc,,0.5061,,,,,,
VHC,lrr,,,,,,0.4752,,
VHC,wct,,,,,,,,
VHC,hskd,,,,,,,0.6256,
VHC,ht,,,0.4256,,0.5275,,,0.6549
VHC,wod,,,,,,,,
VIC,g_log,,,,0.4279,,,,
VIC,omr,,,,,,,,
VIC,dpoc,,0.5211,,,,,,
VIC,lrr,,,,,,0.3964,,
VIC,wct,,,,,,,,
VIC,hskd,,,,,,,0.436,
VIC,ht,,,0.4353,,0.5731,,,0.4571
VIC,wod,,,,,,,,
VNM,g_log,,,,0.5786,,,,
VNM,omr,,,,,,,,
VNM,dpoc,,0.5962,,,,,,
VNM,lrr,,,,,,0.592,,
VNM,wct,,,,,,,,
VNM,hskd,,,,,,,0.3886,
VNM,ht,,,0.6105,,0.5083,,,0.5435
VNM,wod,,,,,,,,
VSC,g_log,,,,0.5065,,,,
VSC,omr,,,,,,,,
VSC,dpoc,,0.6272,,,,,,
VSC,lrr,,,,,,0.4338,,
VSC,wct,,,,,,,,
VSC,hskd,,,,,,,0.3107,
VSC,ht,,,0.3627,,0.403,,,0.5829
VSC,wod,,,,,,,,
VSH,g_log,,,,0.4769,,,,
VSH,omr,,,,,,,,
VSH,dpoc,,0.6495,,,,,,
VSH,lrr,,,,,,0.5265,,
VSH,wct,,,,,,,,
VSH,hskd,,,,,,,0.6589,
VSH,ht,,,0.3695,,0.3263,,,0.4052
VSH,wod,,,,,,,,
DGC,g_log,,,,0.5317,,,,
DGC,omr,,,,,,,,
DGC,dpoc,,0.4497,,,,,,
DGC,lrr,,,,,,0.5671,,
DGC,wct,,,,,,,,
DGC,hskd,,,,,,,0.5644,
DGC,ht,,,0.3903,,0.4916,,,0.3298
DGC,wod,,,,,,,,
MWG,g_log,,,,0.5575,,,,
MWG,omr,,,,,,,,
MWG,dpoc,,0.4723,,,,,,
MWG,lrr,,,,,,0.5241,,
MWG,wct,,,,,,,,
MWG,hskd,,,,,,,0.554,
MWG,ht,,,0.4783,,0.5599,,,0.4528
MWG,wod,,,,,,,,
SWC,g_log,,,,0.6269,,,,
SWC,omr,,,,,,,,
SWC,dpoc,,0.3926,,,,,,
SWC,lrr,,,,,,0.3347,,
SWC,wct,,,,,,,,
SWC,hskd,,,,,,,0.6237,
SWC,ht,,,0.5953,,0.5906,,,0.6372
SWC,wod,,,,,,,,
CEO,g_log,,,,0.3265,,,,
CEO,omr,,,,,,,,
CEO,dpoc,,0.674,,,,,,
CEO,lrr,,,,,,0.5146,,
CEO,wct,,,,,,,,
CEO,hskd,,,,,,,0.4934,
CEO,ht,,,0.4035,,0.3742,,,0.5061
CEO,wod,,,,,,,,
CSV,g_log,,,,0.5742,,,,
CSV,omr,,,,,,,,
CSV,dpoc,,0.5295,,,,,,
CSV,lrr,,,,,,0.4647,,
CSV,wct,,,,,,,,
CSV,hskd,,,,,,,0.6814,
CSV,ht,,,0.2152,,0.5572,,,0.5251
CSV,wod,,,,,,,,
DCM,g_log,,,,0.5467,,,,
DCM,omr,,,,,,,,
DCM,dpoc,,0.5917,,,,,,
DCM,lrr,,,,,,0.318,,
DCM,wct,,,,,,,,
DCM,hskd,,,,,,,0.2947,
DCM,ht,,,0.7441,,0.6764,,,0.7492
DCM,wod,,,,,,,,
DGW,g_log,,,,0.6186,,,,
DGW,omr,,,,,,,,
DGW,dpoc,,0.5166,,,,,,
DGW,lrr,,,,,,0.5646,,
DGW,wct,,,,,,,,
DGW,hskd,,,,,,,0.6376,
DGW,ht,,,0.454,,0.6444,,,0.2478
DGW,wod,,,,,,,,
HNG,g_log,,,,0.6447,,,,
HNG,omr,,,,,,,,
HNG,dpoc,,0.4714,,,,,,
HNG,lrr,,,,,,0.6099,,
HNG,wct,,,,,,,,
HNG,hskd,,,,,,,0.5025,
HNG,ht,,,0.568,,0.5599,,,0.4841
HNG,wod,,,,,,,,
VGC,g_log,,,,0.5576,,,,
VGC,omr,,,,,,,,
VGC,dpoc,,0.6569,,,,,,
VGC,lrr,,,,,,0.2948,,
VGC,wct,,,,,,,,
VGC,hskd,,,,,,,0.3793,
VGC,ht,,,0.533,,0.5046,,,0.4097
VGC,wod,,,,,,,,
DDV,g_log,,,,0.6423,,,,
DDV,omr,,,,,,,,
DDV,dpoc,,0.4897,,,,,,
DDV,lrr,,,,,,0.6814,,
DDV,wct,,,,,,,,
DDV,hskd,,,,,,,0.3419,
DDV,ht,,,0.4444,,0.3376,,,0.6858
DDV,wod,,,,,,,,
MSR,g_log,,,,0.5509,,,,
MSR,omr,,,,,,,,
MSR,dpoc,,0.592,,,,,,
MSR,lrr,,,,,,0.3619,,
MSR,wct,,,,,,,,
MSR,hskd,,,,,,,0.6435,
MSR,ht,,,0.5958,,0.5026,,,0.3384
MSR,wod,,,,,,,,
SAS,g_log,,,,0.2607,,,,
SAS,omr,,,,,,,,
SAS,dpoc,,0.4214,,,,,,
SAS,lrr,,,,,,0.6766,,
SAS,wct,,,,,,,,
SAS,hskd,,,,,,,0.6271,
SAS,ht,,,0.3397,,0.3957,,,0.6215
SAS,wod,,,,,,,,
VEF,g_log,,,,0.4257,,,,
VEF,omr,,,,,,,,
VEF,dpoc,,0.544,,,,,,
VEF,lrr,,,,,,0.5722,,
VEF,wct,,,,,,,,
VEF,hskd,,,,,,,0.4586,
VEF,ht,,,0.4356,,0.3282,,,0.5153
VEF,wod,,,,,,,,
TBD,g_log,,,,0.6296,,,,
TBD,omr,,,,,,,,
TBD,dpoc,,0.4708,,,,,,
TBD,lrr,,,,,,0.6026,,
TBD,wct,,,,,,,,
TBD,hskd,,,,,,,0.2954,
TBD,ht,,,0.6561,,0.3145,,,0.786
TBD,wod,,,,,,,,
HHV,g_log,,,,0.9371,,,,
HHV,omr,,,,,,,,
HHV,dpoc,,0.6798,,,,,,
HHV,lrr,,,,,,0.8434,,
HHV,wct,,,,,,,,
HHV,hskd,,,,,,,0.7096,
HHV,ht,,,0.9707,,1.0,,,0.569
HHV,wod,,,,,,,,
